﻿<parameters>
  <parameter name="IIS Web Application Name" defaultValue="MusicStoreSite/" tags="IisApp">
    <parameterEntry kind="ProviderPath" scope="IisApp" match="^C:\\DATA\\MS\\Project\\IIS8\\MvcMusicStore-v3\.0\\MvcMusicStore\\obj\\Debug\\Package\\PackageTmp$" />
    <parameterEntry kind="ProviderPath" scope="setAcl" match="^C:\\DATA\\MS\\Project\\IIS8\\MvcMusicStore-v3\.0\\MvcMusicStore\\obj\\Debug\\Package\\PackageTmp$" />
  </parameter>
  <parameter name="MusicStoreEntities-Deployment Connection String" defaultValue="" tags="SqlConnectionString">
    <parameterEntry kind="ProviderPath" scope="dbFullSql" match="^C:\\DATA\\MS\\Project\\IIS8\\MvcMusicStore-v3\.0\\MvcMusicStore\\Data\\rvMvcMusicStore-Create\.sql$" />
  </parameter>
  <parameter name="Sql script variable $(mvcMusicStoreDb) in MusicStoreEntities-Deployment scripts" description="Sql Command Variable for setting up this application database." defaultValue="MvcMusicStoreDb" tags="sql">
    <parameterEntry kind="SqlCommandVariable" scope="^C:\\DATA\\MS\\Project\\IIS8\\MvcMusicStore-v3\.0\\MvcMusicStore\\Data\\rvMvcMusicStore-Create\.sql$" match="mvcMusicStoreDb" />
  </parameter>
  <parameter name="Sql script variable $(poolUser) in MusicStoreEntities-Deployment scripts" description="Sql Command Variable for setting up this application database." defaultValue="CONTOSO\MusicStoreUser" tags="sql">
    <parameterEntry kind="SqlCommandVariable" scope="^C:\\DATA\\MS\\Project\\IIS8\\MvcMusicStore-v3\.0\\MvcMusicStore\\Data\\rvMvcMusicStore-Create\.sql$" match="poolUser" />
  </parameter>
  <parameter name="MusicStoreEntities-Web.config Connection String" description="MusicStoreEntities Connection String used in web.config by the application to access the database." defaultValue="Server=.\SQL2012;Database=MvcMusicStoreDb;Integrated Security=true" tags="SqlConnectionString">
    <parameterEntry kind="XmlFile" scope="C:\\DATA\\MS\\Project\\IIS8\\MvcMusicStore-v3\.0\\MvcMusicStore\\obj\\Debug\\Package\\PackageTmp\\Web\.config$" match="/configuration/connectionStrings/add[@name='MusicStoreEntities']/@connectionString" />
  </parameter>
</parameters>